[
  {
    "description": "  These tests interact with the user dashboard.",
    "keyword": "Feature",
    "name": "User Dashboard",
    "line": 2,
    "id": "user-dashboard",
    "tags": [
      {
        "name": "@Regression",
        "line": 1
      }
    ],
    "uri": "e2e/src/features/regression_MSID/CaseWf-user-dashboard.feature",
    "elements": [
      {
        "id": "user-dashboard;user-dashboard-page",
        "keyword": "Scenario",
        "line": 7,
        "name": "User Dashboard page",
        "tags": [
          {
            "name": "@Regression",
            "line": 1
          }
        ],
        "type": "scenario",
        "steps": [
          {
            "keyword": "Before",
            "hidden": true,
            "match": {
              "location": "e2e/src/steps/dashboard/main-dashboard.steps.ts:7"
            },
            "result": {
              "status": "passed",
              "duration": 0
            }
          },
          {
            "arguments": [],
            "keyword": "Then ",
            "line": 9,
            "name": "I should see create authorization label",
            "match": {
              "location": "e2e/src/steps/dashboard/main-dashboard.steps.ts:26"
            },
            "result": {
              "status": "passed",
              "duration": 35000000
            }
          },
          {
            "keyword": "After",
            "hidden": true,
            "match": {
              "location": "node_modules/protractor-cucumber-framework/lib/resultsCapturer.js:27"
            },
            "result": {
              "status": "passed",
              "duration": 1000000
            }
          }
        ]
      }
    ]
  }
]