{
  "authTitle": "specialtypharma provider SOC",
  "team": "atdd.test.stepsets.auth.TeamAddSpecialityPharmaSOC",
  "authAuthorizationType": "Specialty Pharmacy",
  "rdpdHeightofthePatient": "23",
  "rdpdWeightofthePatient": "123",
  "rdpdPatientContactNumber": "555-555-5555",
  "rdsdInitialDiagnosisDate": "05-2021",
  "rdsdPlaceofService": "Outpatient Facility",
  "rdsdAnticipatedTreatmentStartDate": "${tomorrow}",
  "rdsdICD10Code": "C00.0 - Malignant neoplasm of external upper lip",
  "rdcdNewOrContinuationofTreatment": "New to Therapy",
  "rdcdSpecialtyPharmaDrugClass": "Lysosomal Storage Diseases",
  "rdcdSpecialtyPharmaDrugCode": "J0221",
  "rdcdSpecialtyDiseaseState": "Other",
  "rgType": "Custom",
  "rgdrDrugRoute0": "Units",
  "rgdrDosage0": "7",
  "rgdrNumberofDoses0": "7",
  "rgdrDose0": "7 mcg/kg",
  "rgdrFrequencyofAdministration0": "Every 7 Day(s)",
  "rgdrTotalNumberofDoses0": "7",
  "rgdrNumberofJoints0": "7",
  "rgdrDaysofCycletobeAdministered0": "Day(s)",
  "rgidRegimenJustification0": "regimenJustification",
  "rgidClinicalDocumentation": "/src/main/resources/sampleFileForUpload/testFile.txt",
  "authVerifyToolTip": "false",
  "spPreferredSupplier": "true"
}