{
  "authTitle": "specialtypharma custom profile",
  "team": "atdd.test.stepsets.auth.TeamAddSpecialtyPharmaCustom",
  "authAuthorizationType": "Specialty Pharmacy",
  "rdpdHeightofthePatient": "23",
  "rdpdWeightofthePatient": "123",
  "rdpdPatientContactNumber": "555-555-5555",
  "rdsdInitialDiagnosisDate": "02-2019",
  "rdsdPlaceofService": "Office",
  "rdsdAnticipatedTreatmentStartDate": "${tomorrow}",
  "rdsdICD10Code": "C00.0 - Malignant neoplasm of external upper lip",
  "rdcdNewOrContinuationofTreatment": "New to Therapy",
  "rdcdSpecialtyPharmaDrugClass": "Sodium Hyaluronate",
  "rdcdSpecialtyPharmaDrugCode": "J7320",
  "rdcdSpecialtyDiseaseState": "Osteoarthritis (OA) of the knee",
  "rgType": "Custom",
  "rgdrDrugRoute0": "Units",
  "rgdrDosage0": "7",
  "rgdrNumberofDoses0": "7",
  "rgdrDose0": "7 mcg/kg",
  "rgdrFrequencyofAdministration0": "Every 7 Day(s)",
  "rgdrTotalNumberofDoses0": "7",
  "rgdrNumberofJoints0": "7",
  "rgdrDaysofCycletobeAdministered0": "Day(s)",
  "rgidRegimenJustification0": "regimenJustification",
  "rgidClinicalDocumentation": "/src/main/resources/sampleFileForUpload/testFile.txt",
  "authVerifyToolTip": "false",
  "spPreferredSupplier": "false"
}