{
  "authTitle": "supportive custom profile",
  "team": "atdd.test.stepsets.auth.TeamAddSupportiveCustom",
  "authAuthorizationType": "Cancer Supportive Drug Only",
  "rdpdHeightofthePatient": "23",
  "rdpdWeightofthePatient": "123",
  "rdpdPatientContactNumber": "555-555-5555",
  "rdsdInitialDiagnosisDate": "02-2019",
  "rdsdPlaceofService": "Office",
  "rdsdAnticipatedTreatmentStartDate": "${tomorrow}",
  "rdsdICD10Code": "C23 - Malignant neoplasm of gallbladder",
  "rdsdPerformanceScale": "ECOG",
  "rdsdPerformanceStatus": "1",
  "rdcdPrimaryCancer": "Prostate Cancer",
  "rdcdSupportiveCareOnlyRequest": "No",
  "rdcdChemotherapyClinicalTrial": "No",
  "rdcdHasDiseaseProgressedorRelapsed": "No",
  "rgType": "Custom",
  "rdcdWhatistheDrugCategory": "Bone Modifying Agents",
  "rdcdSupportiveDrugName": "Denosumab (Prolia)",
  "rdcdWhatistheDosage": "60 mg",
  "rgdrDrugCode0": "J0897",
  "rgdrDrugName0":"Denosumab - Prolia",
  "rgdrDrugRoute0": "Subcutaneous",
  "rgdrDosage0": "60 mg",
  "rgdrDaysofCycletobeAdministered0": "1",
  "rgdrLengthofCyclesDaysorweeks0": "180",
  "rgdrRequestStatus0": "Pending",
  "rgidRegimenJustification0": "regimenJustification",
  "rgidClinicalDocumentation": "/src/main/resources/sampleFileForUpload/testFile.txt"
}
