{
  "authTitle": "supportive approved profile",
  "team": "atdd.test.stepsets.auth.TeamAddSupportiveAutoApproved",
  "authAuthorizationType": "Cancer Supportive Drug Only",
  "rdpdHeightofthePatient": "23",
  "rdpdWeightofthePatient": "123",
  "rdpdPatientContactNumber": "555-555-5555",
  "rdsdInitialDiagnosisDate": "02-2019",
  "rdsdPlaceofService": "Office",
  "rdsdAnticipatedTreatmentStartDate": "${tomorrow}",
  "rdsdICD10Code": "C23 - Malignant neoplasm of gallbladder",
  "rdsdPerformanceScale": "ECOG",
  "rdsdPerformanceStatus": "1",
  "rdcdPrimaryCancer": "Prostate Cancer",
  "rdcdSupportiveCareOnlyRequest": "No",
  "rdcdChemotherapyClinicalTrial": "No",
  "rdcdHasDiseaseProgressedorRelapsed": "No",
  "rdcdWhatistheDrugCategory": "Bone Modifying Agents",
  "rdcdSupportiveDrugName": "Denosumab (Prolia)",
  "rdcdWhatistheDosage": "60 mg",
  "rgType": "Auto Approve",
  "rgdrDosage0": "60 mg"
}
