{
  "$schema": "../../node_modules/ng-packagr/ng-package.schema.json",
  "dest": "../../dist/component-library",
  "lib": {
    "entryFile": "src/public-api.ts"
  },
  "assets": [
    "README.md"
  ],
  "whitelistedNonPeerDependencies": [
  "bootstrap",
  "@angular/animations",
  "@angular/common",
  "@angular/compiler",
  "@angular/core",
  "@angular/forms",
  "@angular/platform-browser",
  "@angular/platform-browser-dynamic",
  "@angular/router",
  "@angular/flex-layout",
  "@uitk/storybook-addon-themes",
  "@uitk/themes",
  "@uitk/angular",
  "rxjs",
  "styled-components",
  "tslib",
  "zone.js",
  "@ecp/style-dictionary-ui-component",
  "@material/radio",
  "@ecp/auth-library",
  "@ahryman40k/ts-fhir-types",
  "angular-pipes",
  "@storybook/addon-docs",
  "@storybook/addon-a11y",
  "svg-to-ts",
  "@storybook/theming",
  "@angular/cdk",
  "@angular/material",
  "material-design-icons",
  "moment",
  "lodash",
  "@ecp/commn-hub-angular-ui-component-library",
  "@ecp/angular-ui-component-library",
  "apollo-angular",
  "apollo-boost",
  "apollo-cache-inmemory",
  "apollo-client",
  "apollo-link"
]
}
