<?xml version="1.0" encoding="UTF-8"?>
<!DOCTYPE mapper
        PUBLIC "-//mybatis.org//DTD Mapper 3.0//EN"
        "http://mybatis.org/dtd/mybatis-3-mapper.dtd">

<mapper namespace="member">
    <select id="selectGetMemberDetails" parameterType="string" resultType="hashmap">
   select p.memberid as memberID
        ,c.groupid as groupID
    ,p.last_name as lastName
    ,p.first_name as firstName
    ,p.middle_initial as middleInitial
     ,c.subscriber as subscriberMemberID
,(select pm.last_name from patient pm where pm.memberId = c.subscriber)  as subscriberLastName
    ,(select pm.first_name from patient pm where pm.memberId = c.subscriber)  as subscriberFirstName
    ,(select pm.middle_initial from patient pm where pm.memberId = c.subscriber)  as subscriberMiddleInitial
    ,a.address1 as address1
    ,a.address2 as address2
    ,a.city as city
    ,a.state as state
    ,a.postal_code as postalCode
    ,p.birth_date as birthDate
    ,case
    when p.gender = 8
    then 'M'
    else 'F'
    end as gender
    ,p.phone as phone
    ,case
    when c.relationship  = 6
    then '18'
    when c.relationship = 3
    then '01'
    when c.relationship = 2
    then '19'
    when c.relationship = 5
    then 'G8'
    end as relationship

    ,case when c.eligibility_status  = 12 then '1' else '6' end as coverageEligibilityStatus
    ,c.eligibility_start_date as coverageEligibilityStartDate
    ,c.eligibility_end_date as coverageEligibilityEndDate
     from patient p
     join coverage c ON p.memberid = c.member
     join address a ON p.address = a.id
    order by memberID asc
	 </select>

    <select id="selectMemberDetails" parameterType="string" resultType="hashmap">
        SELECT *
        FROM patient
        WHERE memberid = #{subid}
    </select>
    <select id="selectAddress" parameterType="string" resultType="hashmap">
        SELECT *
        FROM address
        WHERE id = #{s}
    </select>

    <select id="selectEligibilty" parameterType="string" resultType="hashmap">
        SELECT *
        FROM coverage
        WHERE subscriber = #{subscriberid}
    </select>
    <select id="selectMemberInformationDetails" parameterType="string" resultType="hashmap">
        SELECT CONCAT(a.first_name,' ', COALESCE(a.middle_initial,''),' ', a.last_name) as 'Full Name',
        r1.value as 'Gender',
        a.birth_date as 'Date of Birth',
        b.id_value as 'SubscriberId',
        c.groupid as 'Group ID',
        DATE_FORMAT(c.eligibility_start_date, "%m-%d-%Y")as 'Policy Start Date',
        DATE_FORMAT(c.eligibility_end_date, "%m-%d-%Y")as 'Policy End Date',
        CONCAT(d.address1, ' ', d.city, ', ', d.state, ' ',d.postal_code) as 'Address',
        '.*' as 'Relationship',
        'No' as 'Medical Necessity'
        FROM patient a
        JOIN patient_identifier b ON a.id = b.patient_id
        JOIN coverage c ON a.id = c.member
        JOIN address d ON a.address = d.id
        JOIN ref r1 ON r1.id = a.gender AND r1.code_group = "Gender"
        WHERE b.id_value =#{subid};
    </select>
    <select id="selectMemberInformationDetailsForProvider" parameterType="string" resultType="hashmap">
        SELECT CONCAT(a.first_name,' ', COALESCE(a.middle_initial,''),' ', a.last_name) as 'Full Name',
        r1.value as 'Gender',
        a.birth_date as 'Date of Birth',
        b.id_value as 'SubscriberId',
        c.groupid as 'Group ID',
        DATE_FORMAT(c.eligibility_start_date, "%m-%d-%Y")as 'Policy Start Date',
        DATE_FORMAT(c.eligibility_end_date, "%m-%d-%Y")as 'Policy End Date',
        CONCAT(d.address1, ' ', d.city, ', ', d.state, ' ',d.postal_code) as 'Address',
        '.*' as 'Relationship',
        'No' as 'Medical Necessity'
        FROM patient a
        JOIN patient_identifier b ON a.id = b.patient_id
        JOIN coverage c ON a.id = c.member
        JOIN address d ON a.address = d.id
        JOIN ref r1 ON r1.id = a.gender AND r1.code_group = "Gender"
        WHERE b.id_value =#{subid};
    </select>
</mapper>