{
  "name": "supportive_GF_approved_profile_waldenstroms",
  "criteria": {
    "authAuthorizationType": "Cancer Supportive Drug Only",
    "rgType": "Auto Approve",
    "rdcdPrimaryCancer": "Waldenstroms Macroglobulinemia/Lymphoplasmacytic Lymphoma",
    "rdcdWhatistheDrugCategory": "White Blood Cell Growth Factors",
    "rdcdSupportiveDrugName": "Filgrastim-sndz (Zarxio)",
    "rdcdWhatistheDosage": "5-10 mcg/kg, 300 mcg, 480 mcg"
  },
  "qas": {
    "Please select indication for the White Blood Cell Colony Stimulating Factor (CSF)": "Prevention of chemotherapy-induced febrile neutropenia (FN) - Starting with Cycle 1 of chemotherapy",
    "*Reminder:": "Continue",
    "Please select the patient": "Bladder",
    "Please select which chemotherapy": "Dose-Dense MVAC (Methotrexate, Vinblastine, Doxorubicin, Cisplatin)",
    "Does patient have Stage IV and/or metastatic disease?":"Yes"
  }
}