{
  "name": "supportive_GF_custom_profile_waldenstroms",
  "criteria": {
    "authAuthorizationType": "Cancer Supportive Drug Only",
    "rgType": "Custom",
    "rdcdPrimaryCancer": "Waldenstroms Macroglobulinemia/Lymphoplasmacytic Lymphoma",
    "rdcdWhatistheDrugCategory": "White Blood Cell Growth Factors",
    "rdcdSupportiveDrugName": "Tbo-filgrastim (Granix)",
    "rdcdWhatistheDosage": "5-10 mcg/kg, 300 mcg, 480 mcg"
  },
  "qas": {
    "Please select indication for the White Blood Cell Colony Stimulating Factor (CSF)": "Prevention of chemotherapy-induced febrile neutropenia (FN) - Starting with Cycle 1 of chemotherapy",
    "*Reminder:": "Cancel Request by selecting Cancel Authorization in upper right corner"
  }
}


