{
  "name": "supportive_approved_profile",
  "criteria": {
    "authAuthorizationType": "Cancer Supportive Drug Only",
    "rgType": "Auto Approve",
    "rdcdPrimaryCancer": "Prostate Cancer",
    "rdcdWhatistheDrugCategory": "Bone Modifying Agents",
    "rdcdSupportiveDrugName": "Denosumab (Prolia)",
    "rdcdWhatistheDosage": "60 mg"
  },
  "qas": {
    "What is the indication?": "Prostate Cancer - Treatment of bone loss",
    "Responses to questions must accurately reflect the member": "Continue",
    "Zoledronic Acid (Zometa®) can be used to treat the same indication": "Yes",
    "Does patient have nonmetastatic Prostate Cancer?": "Yes",
    "Is the patient undergoing androgen deprivation therapy": "Yes",
    "Please choose patient": ">=70",
    "Please choose drug the patient has received previously, and is either refractory or intolerant to": "Zoledronic Acid (Zometa®)",
    "Please enter last date the drug was received:":"1/1/1111",
    "Did patient have a skeletal-related event (bone fracture or vertebral compression) while receiving this drug?": "Yes",
    "Please enter the date of the skeletal-related event:": "1/1/1111"
  }
}