{
  "IsEncrypted": false,
  "Values": {
    "FUNCTIONS_WORKER_RUNTIME": "node",
    "AzureWebJobsStorage": "{AzureWebJobsStorage}",
    "JWK_URI": "https://dev-ecp-api.optum.com/auth/oauth/jwks",
    "ISSUER": "ecp-dev",
    "ENV_NAME": "lcl",
    "HEALTH_SERVICE_API_ENDPOINT": "https://dev-ecp-api.optum.com/health-service/v1/graphql",
    "REFERENCE_API_ENDPOINT": "https://dev-ecp-api.optum.com/refnew/v1/graphql",
    "PROVIDER_API_ENDPOINT": "https://dev-ecp-api.optum.com/provnew/v1/graphql",
    "INDIVIDUAL_API_ENDPOINT": "https://dev-ecp-api.optum.com/indnew/v1/graphql",
    "UTILIZATION_MANAGEMENT_FUNCTIONS_API": "https://dev-ecp-api.optum.com/util-funcs-nestjs/api/graphql",
    "AUTH_DUPLICACATECHECKING_API": "https://dev-ecp-api.optum.com/um-rules/1.0.0/dmn/AuthDuplicateChecking/evaluate",
    "OAUTH_TOKEN_URL": "https://dev-ecp-api.optum.com/auth/oauth/token",
    "NEST_JS_CLIENT_ID": "uhc_client_non_prod",
    "NEST_JS_CLIENT_SECRET": "Hcx3hXc3BxT8F4nHvGXj"
  }
}
