{
  "clinicalVariables": [
    {
      "clinicalValues": [
        "Medium Risk"
      ],
      "clinicalVariable": "Indication"
    },
    {
      "clinicalValues": [
        "1st Line of Therapy"
      ],
      "clinicalVariable": "Line of Therapy"
    },
    {
      "clinicalValues": [
        "Stage II"
      ],
      "clinicalVariable": "Stage"
    }
  ],
  "diseaseType": "test_disease_type",
  "index": "${index}",
  "pageSize": 10,
  "source": "NCCN",
  "treatmentRegimens": [
    {
      "authDuration": "",
      "payers": [
        {
          "autoApproveInd": "",
          "payerName": "",
          "preferPathway": ""
        }
      ],
      "treatmentRegimenID": "",
      "treatmentRegimenName": ""
    }
  ]
}