{
  "name": "balversa_4mg",
  "criteria": {
    "drugName": "BALVERSA TABS 4.0 MG",
    "rgdrDrugStrength0": "4.00 MG"
  },
  "qas": {
    "I certify that requests for tiering exceptions or cost reduction within the current": "I acknowledge",
    "Please provide the directions for use:": "Please provide the directions for use:",
    "Does the prescriber attest that applying the standard timeframe for review of this coverage determination will not seriously jeopardize the enrollee's life, health, or ability to regain maximum function?": "Yes - apply standard timeframe for review of this coverage determination",
    "Please provide the diagnosis for the medication being requested:":"Please provide the diagnosis",
    "What is the requested quantity per day?": "What is the requested quantity per day?",
    "What is the reason for exceeding the plan limitations?": "For titration or loading-dose purposes (one time authorization)",
    "Have the maximum doses specified under the quantity restriction been tried": "Yes",
    "Is there clinical support (for example, clinical literature, patient attributes, or characteristics of the drug)": "Yes",
    "Please document any other information which supports the request:": "Please document any other information which supports the request:"
  }
}