{
  "IsEncrypted": false,
  "Values": {
    "FUNCTIONS_WORKER_RUNTIME": "node",
    "AzureWebJobsStorage": "{AzureWebJobsStorage}",
    "JWK_URI": "https://dev-ecp-api.optum.com/auth/oauth/jwks",
    "ISSUER": "ecp-dev",
    "BUSINESS_EVENT_APPLICATION_ID": "63961ee4-e0b2-11eb-ba80-0242ac130004",
    "HEALTH_SERVICE_API_ENDPOINT": "https://dev-ecp-api.optum.com/health-service/v1/graphql",
    "REFERENCE_API_ENDPOINT": "https://dev-ecp-api.optum.com/refnew/v1/graphql",
    "PROVIDER_API_ENDPOINT": "https://dev-ecp-api.optum.com/provnew/v1/graphql",
    "PROVIDER_BAAS_ENDPOINT": "https://dev-ecp-api.optum.com/prov-baas-funcs/api/ndb-pes-v10-graphql",
    "MEMBERSHIP_API_ENDPOINT": "https://dev-ecp-api.optum.com/memnew/v1/graphql",
    "INDIVIDUAL_API_ENDPOINT": "https://dev-ecp-api.optum.com/indnew/v1/graphql",
    "UM_RULES_SERVICE_BASE_URL": "https://dev-ecp-api.optum.com/um-rules/1.0.0/dmn",
    "PROCESS_INSTANCE_BASE_URL": "https://dev-ecp-api.optum.com/um-intake-bpm/1.0.0/engine-rest/process-instance/",
    "BUS_EVENT_PUBLISH_API": "https://dev-ecp-api.optum.com/event-payload-service/saveeventpayload",
    "MEMBER_COMMUNICATION_API_ENDPOINT": "https://dev-ecp-api.optum.com/member-comm/v1/graphql"
  },
  "Host": {
    "CORS": "*"
  }
}
