{
  "authTitle": "chemo_custom_pas",
  "prototype": "chemo custom profile",
  "rdcdPrimaryCancer": "Waldenstroms Macroglobulinemia/Lymphoplasmacytic Lymphoma",
  "team": "atdd.test.stepsets.auth.TeamAddChemoCustomPas",

  "rgdrDrugName1": "INJECTION IXABEPILONE 1 MG",
  "rgdrDrugCode1": "J9207",
  "rgdrDrugNameincludingPackagingOptions1": "Goserelin Acetate Implant 3.6 Mg",
  "rgdrDrugRoute1": "Intravenous",
  "rgdrDosage1": "3.6 mg (28 day cycle) OR 10.8 mg (3 month cycle)",
  "rgdrDaysofCycletobeAdministered1": "Day 1",
  "rgdrLengthofCyclesDaysorweeks1": "28 day cycle OR 3 month cycle",

  "rgdrDrugName2": "TYKERB TABS 250.0 MG",
  "rgdrDrugCode2": "Tykerb",
  "rgdrDrugRoute2": "Oral",
  "rgdrDosage2": "4.6 mg (29 day cycle) OR 11.8 mg (4 month cycle)",
  "rgdrDaysofCycletobeAdministered2": "Day 2",
  "rgdrLengthofCyclesDaysorweeks2": "29 day cycle OR 4 month cycle",

  "rgdrDrugName3": "BALVERSA TABS 4.0 MG",
  "rgdrDrugCode3": "Balversa",
  "rgdrDrugRoute3": "Oral",
  "rgdrDosage3": "5.6 mg (30 day cycle) OR 13.8 mg (5 month cycle)",
  "rgdrDaysofCycletobeAdministered3": "Day 2",
  "rgdrLengthofCyclesDaysorweeks3": "30 day cycle OR 5 month cycle"
}