{
  "name": "auth_spec_under18",
  "criteria": {
    "authAuthorizationType": "Specialty Pharmacy",
    "rgType": "Auto Approve",
    "rdcdSpecialtyPharmaDrugClass": "Inflammatory Bowel Disease",
    "rdcdSpecialtyPharmaDrugCode": "J3380",
    "rdcdSpecialtyDiseaseState": "Moderately to severely active Crohn's disease (CD)"
  },
  "qas": {
    "Select the diagnosis": "Moderately to severely active Crohn's Disease (CD)",
    "Is this a New to Therapy or Continuation request?": "New to Therapy",
    "Is the requested medication prescribed by or in consultation with a gastroenterologist?": "Yes",
    "Is the requested medication being used in combination with a TNF inhibitor (such as Enbrel [etanercept], Humira [adalimumab], Cimzia [certolizumab], Simponi [golimumab], Remicade [infliximab])?": "No",
    "Is the requested medication being used in combination with Tysabri (natalizumab)?": "No",
    "Does the member have trial and failure, contraindication, or intolerance to one TNF inhibitor (such as Humira [adalimumab], Remicade [infliximab])?": "Yes",
    "Does the member have trial and failure, contraindication, or intolerance to one of the following conventional therapies?": "Yes",
    "300 mg every 8 weeks?": "No",
    "Is this for Outpatient Facility and member > 17 years old?": "No"
  }
}