{
  "name": "specialtypharma_ImmuneGlobulin _J1459",
  "criteria": {
    "authAuthorizationType": "Specialty Pharmacy",
    "rgType": "Auto Approve",
    "rdcdSpecialtyPharmaDrugClass": "Immune globulin",
    "rdcdSpecialtyPharmaDrugCode": "J1459",
    "rdcdSpecialtyDiseaseState": "Multiple myeloma, prevention of infection in multiple myeloma"
  },
  "qas": {
    "medical record documents both of the following": "Yes",
    "Is the initial authorization request for more than 12 months?": "No",
    "Does member one of the following criteria":"Yes",
    "Will the IVIG dose does exceed 400 mg/kg every 3 to 4 weeks?":"No",
    "Is this for Outpatient Facility and Member >= 6 years old?":"Yes",
    "medical record documentation state the member is medically":"Yes"
  }
}