{
  "name": "specialtypharma_Approved_profile",
  "criteria": {
    "authAuthorizationType": "Specialty Pharmacy",
    "rgType": "Auto Approve",
    "rdcdSpecialtyPharmaDrugClass": "Sodium Hyaluronate",
    "rdcdSpecialtyPharmaDrugCode": "J7320",
    "rdcdSpecialtyDiseaseState": "Osteoarthritis (OA) of the knee"
  },
  "qas": {
    "Does the member have trial and failure, contraindication, or intolerance to two of the following": "Yes",
    "Does the member have trial and failure, contraindication, or intolerance to intra": "Yes",
    "Please select the preferred products the member had a history of a trial": "Durolane and Gelsyn-3"
  }
}