[{"resourceType":"Parameters","id":"outputParameters","parameter":[{"name":"is_met","valueBoolean":false},{"name":"criteria_met","valueString":"Criteria Not Met"},{"name":"met_level_of_care.id"},{"name":"met_level_of_care.desc"},{"name":"exceeded_rule.higher_loc_met"},{"name":"next_button_text","valueString":""},{"name":"responder_type","valueString":"Y"},{"name":"responder_met_id","valueString":"AISD01530404"},{"name":"episode_day_met","valueString":""},{"name":"disposition_description"}]},{"resourceType":"Parameters","id":"responseMessages","parameter":[]},{"resourceType":"Parameters","id":"cp_tree","parameter":[]},{"resourceType":"Parameters","id":"discharge_cp_tree","parameter":[{"resourceType":"Questionnaire","id":"AISD015306","name":"<b>Discharge, Level of Care, </b> <b>≥ One:</b>","url":"/caas/content/notes?subset_unique_id=371360&id=AISD015306&note_type=ALL_NOTES","item":[{"linkId":"AISD01530601","text":"<b>HOME,</b> <b>Both:</b>","type":"group","repeats":true,"readOnly":false,"item":[{"linkId":"AISD0153060101","text":"Level of care appropriateness, <b>Both:</b>","type":"group","repeats":true,"readOnly":false,"item":[{"linkId":"AISD015306010101","text":"Home environment safe and accessible","definition":"/caas/content/notes?subset_unique_id=371360&id=AISD015306010101&note_type=ALL_NOTES","type":"boolean","repeats":false,"readOnly":true,"item":[]},{"linkId":"AISD015306010102","text":"Patient or caregiver demonstrates ability to manage care","type":"boolean","repeats":false,"readOnly":true,"item":[]}]},{"linkId":"AISD0153060102","text":"COPD discharge planning, <b>All:</b>","definition":"/caas/content/notes?subset_unique_id=371360&id=AISD0153060102&note_type=ALL_NOTES","type":"group","repeats":true,"readOnly":false,"item":[{"linkId":"AISD015306010201","text":"Provide comprehensive written discharge and teaching instructions","definition":"/caas/content/notes?subset_unique_id=371360&id=AISD015306010201&note_type=ALL_NOTES","type":"boolean","repeats":false,"readOnly":true,"item":[]},{"linkId":"AISD015306010202","text":"Education on the importance of, <b>All:</b>","type":"group","repeats":true,"readOnly":false,"item":[{"linkId":"AISD01530601020201","text":"Avoidance of air pollutants, including a smoking cessation program if indicated","definition":"/caas/content/notes?subset_unique_id=371360&id=AISD01530601020201&note_type=ALL_NOTES","type":"boolean","repeats":false,"readOnly":true,"item":[]},{"linkId":"AISD01530601020202","text":"Correct use of inhalers","definition":"/caas/content/notes?subset_unique_id=371360&id=AISD01530601020202&note_type=ALL_NOTES","type":"boolean","repeats":false,"readOnly":true,"item":[]},{"linkId":"AISD01530601020203","text":"Medication adherence","definition":"/caas/content/notes?subset_unique_id=371360&id=AISD01530601020203&note_type=ALL_NOTES","type":"boolean","repeats":false,"readOnly":true,"item":[]},{"linkId":"AISD01530601020204","text":"Compliance with follow−up COPD care","definition":"/caas/content/notes?subset_unique_id=371360&id=AISD01530601020204&note_type=ALL_NOTES","type":"boolean","repeats":false,"readOnly":true,"item":[]},{"linkId":"AISD01530601020205","text":"Influenza or pneumococcal vaccination","definition":"/caas/content/notes?subset_unique_id=371360&id=AISD01530601020205&note_type=ALL_NOTES","type":"boolean","repeats":false,"readOnly":true,"item":[]},{"linkId":"AISD01530601020206","text":"Pulmonary rehabilitation","definition":"/caas/content/notes?subset_unique_id=371360&id=AISD01530601020206&note_type=ALL_NOTES","type":"boolean","repeats":false,"readOnly":true,"item":[]}]},{"linkId":"AISD015306010203","text":"Medication reconciliation","definition":"/caas/content/notes?subset_unique_id=371360&id=AISD015306010203&note_type=ALL_NOTES","type":"boolean","repeats":false,"readOnly":true,"item":[]},{"linkId":"AISD015306010204","text":"Follow−up care planned","type":"boolean","repeats":false,"readOnly":true,"item":[]},{"linkId":"AISD015306010205","text":"Identify and address transportation needs","type":"boolean","repeats":false,"readOnly":true,"item":[]}]}]},{"linkId":"AISD01530602","text":"<b>HOME CARE,</b> <b>Both:</b>","type":"group","repeats":true,"readOnly":false,"item":[{"linkId":"AISD0153060201","text":"Level of care appropriateness, <b>All:</b>","type":"group","repeats":true,"readOnly":false,"item":[{"linkId":"AISD015306020101","text":"Home environment safe and accessible","definition":"/caas/content/notes?subset_unique_id=371360&id=AISD015306020101&note_type=ALL_NOTES","type":"boolean","repeats":false,"readOnly":true,"item":[]},{"linkId":"AISD015306020102","text":"Patient or caregiver willing and able to learn care","type":"boolean","repeats":false,"readOnly":true,"item":[]},{"linkId":"AISD015306020103","text":"Outpatient management contraindicated or unavailable","definition":"/caas/content/notes?subset_unique_id=371360&id=AISD015306020103&note_type=ALL_NOTES","type":"boolean","repeats":false,"readOnly":true,"item":[]},{"linkId":"AISD015306020104","text":"Skilled services, <b>≥ One:</b>","definition":"/caas/content/notes?subset_unique_id=371360&id=AISD015306020104&note_type=ALL_NOTES","type":"group","repeats":true,"readOnly":false,"item":[{"linkId":"AISD01530602010401","text":"Skilled nursing","definition":"/caas/content/notes?subset_unique_id=371360&id=AISD01530602010401&note_type=ALL_NOTES","type":"boolean","repeats":false,"readOnly":true,"item":[]},{"linkId":"AISD01530602010402","text":"Skilled therapy, PT, OT, or speech−language pathology","type":"boolean","repeats":false,"readOnly":true,"item":[]},{"linkId":"AISD01530602010403","text":"Behavioral health","definition":"/caas/content/notes?subset_unique_id=371360&id=AISD01530602010403&note_type=ALL_NOTES","type":"boolean","repeats":false,"readOnly":true,"item":[]}]}]},{"linkId":"AISD0153060202","text":"COPD discharge planning, <b>All:</b>","definition":"/caas/content/notes?subset_unique_id=371360&id=AISD0153060202&note_type=ALL_NOTES","type":"group","repeats":true,"readOnly":false,"item":[{"linkId":"AISD015306020201","text":"Provide comprehensive written discharge and teaching instructions","definition":"/caas/content/notes?subset_unique_id=371360&id=AISD015306020201&note_type=ALL_NOTES","type":"boolean","repeats":false,"readOnly":true,"item":[]},{"linkId":"AISD015306020202","text":"Education on the importance of, <b>All:</b>","type":"group","repeats":true,"readOnly":false,"item":[{"linkId":"AISD01530602020201","text":"Avoidance of air pollutants, including a smoking cessation program if indicated","definition":"/caas/content/notes?subset_unique_id=371360&id=AISD01530602020201&note_type=ALL_NOTES","type":"boolean","repeats":false,"readOnly":true,"item":[]},{"linkId":"AISD01530602020202","text":"Correct use of inhalers","definition":"/caas/content/notes?subset_unique_id=371360&id=AISD01530602020202&note_type=ALL_NOTES","type":"boolean","repeats":false,"readOnly":true,"item":[]},{"linkId":"AISD01530602020203","text":"Medication adherence","definition":"/caas/content/notes?subset_unique_id=371360&id=AISD01530602020203&note_type=ALL_NOTES","type":"boolean","repeats":false,"readOnly":true,"item":[]},{"linkId":"AISD01530602020204","text":"Compliance with follow−up COPD care","definition":"/caas/content/notes?subset_unique_id=371360&id=AISD01530602020204&note_type=ALL_NOTES","type":"boolean","repeats":false,"readOnly":true,"item":[]},{"linkId":"AISD01530602020205","text":"Influenza or pneumococcal vaccination","definition":"/caas/content/notes?subset_unique_id=371360&id=AISD01530602020205&note_type=ALL_NOTES","type":"boolean","repeats":false,"readOnly":true,"item":[]},{"linkId":"AISD01530602020206","text":"Pulmonary rehabilitation","definition":"/caas/content/notes?subset_unique_id=371360&id=AISD01530602020206&note_type=ALL_NOTES","type":"boolean","repeats":false,"readOnly":true,"item":[]}]},{"linkId":"AISD015306020203","text":"Medication reconciliation","definition":"/caas/content/notes?subset_unique_id=371360&id=AISD015306020203&note_type=ALL_NOTES","type":"boolean","repeats":false,"readOnly":true,"item":[]},{"linkId":"AISD015306020204","text":"Follow−up care planned","type":"boolean","repeats":false,"readOnly":true,"item":[]},{"linkId":"AISD015306020205","text":"Identify and address transportation needs","type":"boolean","repeats":false,"readOnly":true,"item":[]}]}]},{"linkId":"AISD01530603","text":"<b>BEHAVIORAL HEALTH,</b> <b>Both:</b>","type":"group","repeats":true,"readOnly":false,"item":[{"linkId":"AISD0153060301","text":"Level of care appropriateness, <b>One:</b>","type":"group","repeats":true,"readOnly":false,"item":[{"linkId":"AISD015306030101","text":"Support systems available","definition":"/caas/content/notes?subset_unique_id=371360&id=AISD015306030101&note_type=ALL_NOTES","type":"boolean","repeats":false,"readOnly":true,"item":[]}]},{"linkId":"AISD0153060302","text":"Skilled treatment, <b>≥ One:</b>","type":"group","repeats":true,"readOnly":false,"item":[{"linkId":"AISD015306030201","text":"Clinical assessment","definition":"/caas/content/notes?subset_unique_id=371360&id=AISD015306030201&note_type=ALL_NOTES","type":"boolean","repeats":false,"readOnly":true,"item":[]},{"linkId":"AISD015306030202","text":"Individual, group, or family counseling","type":"boolean","repeats":false,"readOnly":true,"item":[]},{"linkId":"AISD015306030203","text":"Psychiatric, substance, or medication evaluation","type":"boolean","repeats":false,"readOnly":true,"item":[]}]}]},{"linkId":"AISD01530604","text":"<b>SKILLED MEDICAL OR THERAPY,</b> <b>Both:</b>","type":"group","repeats":true,"readOnly":false,"item":[{"linkId":"AISD0153060401","text":"Level of care appropriateness, <b>All:</b>","type":"group","repeats":true,"readOnly":false,"item":[{"linkId":"AISD015306040101","text":"Medical practitioner, NP, PA assessment or oversight ≥ 1x/wk","type":"boolean","repeats":false,"readOnly":true,"item":[]},{"linkId":"AISD015306040102","text":"Treatment precluded in a lower level","type":"boolean","repeats":false,"readOnly":true,"item":[]},{"linkId":"AISD015306040103","text":"Services, <b>≥ One:</b>","type":"group","repeats":true,"readOnly":false,"item":[{"linkId":"AISD01530604010301","text":"Medical and skilled nursing interventions or assessment 1−2x/24h","definition":"/caas/content/notes?subset_unique_id=371360&id=AISD01530604010301&note_type=ALL_NOTES","type":"boolean","repeats":false,"readOnly":true,"item":[]},{"linkId":"AISD01530604010302","text":"Therapy, <b>All:</b>","type":"group","repeats":true,"readOnly":false,"item":[{"linkId":"AISD0153060401030201","text":"Goal directed therapy with rehabilitation potential","definition":"/caas/content/notes?subset_unique_id=371360&id=AISD0153060401030201&note_type=ALL_NOTES","type":"boolean","repeats":false,"readOnly":true,"item":[]},{"linkId":"AISD0153060401030202","text":"Functional impairments requiring at least supervision","definition":"/caas/content/notes?subset_unique_id=371360&id=AISD0153060401030202&note_type=ALL_NOTES","type":"boolean","repeats":false,"readOnly":true,"item":[]},{"linkId":"AISD0153060401030203","text":"Able to tolerate 1h/d of skilled therapy ≥ 5d/wk","type":"boolean","repeats":false,"readOnly":true,"item":[]}]}]}]},{"linkId":"AISD0153060402","text":"Complete prior to facility transfer, <b>All:</b>","type":"group","repeats":true,"readOnly":false,"item":[{"linkId":"AISD015306040201","text":"Medication reconciliation","definition":"/caas/content/notes?subset_unique_id=371360&id=AISD015306040201&note_type=ALL_NOTES","type":"boolean","repeats":false,"readOnly":true,"item":[]},{"linkId":"AISD015306040202","text":"Obtain and complete forms for facility","type":"boolean","repeats":false,"readOnly":true,"item":[]},{"linkId":"AISD015306040203","text":"Obtain discharge summary and transmit to facility and medical practitioner","type":"boolean","repeats":false,"readOnly":true,"item":[]},{"linkId":"AISD015306040204","text":"Arrange transportation","type":"boolean","repeats":false,"readOnly":true,"item":[]}]}]},{"linkId":"AISD01530605","text":"<b>SUBACUTE MEDICAL OR THERAPY,</b> <b>Both:</b>","type":"group","repeats":true,"readOnly":false,"item":[{"linkId":"AISD0153060501","text":"Level of care appropriateness, <b>All:</b>","type":"group","repeats":true,"readOnly":false,"item":[{"linkId":"AISD015306050101","text":"Medical practitioner, NP, PA assessment or oversight ≥ 2x/wk","type":"boolean","repeats":false,"readOnly":true,"item":[]},{"linkId":"AISD015306050102","text":"Treatment precluded in a lower level","type":"boolean","repeats":false,"readOnly":true,"item":[]},{"linkId":"AISD015306050103","text":"Services, <b>≥ One:</b>","type":"group","repeats":true,"readOnly":false,"item":[{"linkId":"AISD01530605010301","text":"Medical and skilled nursing interventions or assessment 4h/24h","definition":"/caas/content/notes?subset_unique_id=371360&id=AISD01530605010301&note_type=ALL_NOTES","type":"boolean","repeats":false,"readOnly":true,"item":[]},{"linkId":"AISD01530605010302","text":"Therapy, <b>All:</b>","type":"group","repeats":true,"readOnly":false,"item":[{"linkId":"AISD0153060501030201","text":"Goal directed therapy with rehabilitation potential","definition":"/caas/content/notes?subset_unique_id=371360&id=AISD0153060501030201&note_type=ALL_NOTES","type":"boolean","repeats":false,"readOnly":true,"item":[]},{"linkId":"AISD0153060501030202","text":"≥ 2 functional impairments requiring at least minimum assistance","definition":"/caas/content/notes?subset_unique_id=371360&id=AISD0153060501030202&note_type=ALL_NOTES","type":"boolean","repeats":false,"readOnly":true,"item":[]},{"linkId":"AISD0153060501030203","text":"Able to tolerate 2−3h/d of skilled therapy ≥ 5d/wk and ≥ 1 therapy discipline","type":"boolean","repeats":false,"readOnly":true,"item":[]}]}]}]},{"linkId":"AISD0153060502","text":"Complete prior to facility transfer, <b>All:</b>","type":"group","repeats":true,"readOnly":false,"item":[{"linkId":"AISD015306050201","text":"Medication reconciliation","definition":"/caas/content/notes?subset_unique_id=371360&id=AISD015306050201&note_type=ALL_NOTES","type":"boolean","repeats":false,"readOnly":true,"item":[]},{"linkId":"AISD015306050202","text":"Obtain and complete forms for facility","type":"boolean","repeats":false,"readOnly":true,"item":[]},{"linkId":"AISD015306050203","text":"Obtain discharge summary and transmit to facility and medical practitioner","type":"boolean","repeats":false,"readOnly":true,"item":[]},{"linkId":"AISD015306050204","text":"Arrange transportation","type":"boolean","repeats":false,"readOnly":true,"item":[]}]}]},{"linkId":"AISD01530606","text":"<b>SUBACUTE REHAB,</b> <b>Both:</b>","type":"group","repeats":true,"readOnly":false,"item":[{"linkId":"AISD0153060601","text":"Level of care appropriateness, <b>All:</b>","type":"group","repeats":true,"readOnly":false,"item":[{"linkId":"AISD015306060101","text":"Medical practitioner, NP, PA assessment or oversight ≥ 3x/wk","type":"boolean","repeats":false,"readOnly":true,"item":[]},{"linkId":"AISD015306060102","text":"Treatment precluded in a lower level","type":"boolean","repeats":false,"readOnly":true,"item":[]},{"linkId":"AISD015306060103","text":"Services, <b>All:</b>","type":"group","repeats":true,"readOnly":false,"item":[{"linkId":"AISD01530606010301","text":"Goal directed therapy with rehabilitation potential","definition":"/caas/content/notes?subset_unique_id=371360&id=AISD01530606010301&note_type=ALL_NOTES","type":"boolean","repeats":false,"readOnly":true,"item":[]},{"linkId":"AISD01530606010302","text":"≥ 2 functional impairments requiring at least minimum assistance","definition":"/caas/content/notes?subset_unique_id=371360&id=AISD01530606010302&note_type=ALL_NOTES","type":"boolean","repeats":false,"readOnly":true,"item":[]},{"linkId":"AISD01530606010303","text":"Able to tolerate 2−3h/d of skilled therapy ≥&nbsp;5d/wk and ≥ 2 therapy disciplines","type":"boolean","repeats":false,"readOnly":true,"item":[]}]}]},{"linkId":"AISD0153060602","text":"Complete prior to facility transfer, <b>All:</b>","type":"group","repeats":true,"readOnly":false,"item":[{"linkId":"AISD015306060201","text":"Medication reconciliation","definition":"/caas/content/notes?subset_unique_id=371360&id=AISD015306060201&note_type=ALL_NOTES","type":"boolean","repeats":false,"readOnly":true,"item":[]},{"linkId":"AISD015306060202","text":"Obtain and complete forms for facility","type":"boolean","repeats":false,"readOnly":true,"item":[]},{"linkId":"AISD015306060203","text":"Obtain discharge summary and transmit to facility and medical practitioner","type":"boolean","repeats":false,"readOnly":true,"item":[]},{"linkId":"AISD015306060204","text":"Arrange transportation","type":"boolean","repeats":false,"readOnly":true,"item":[]}]}]},{"linkId":"AISD01530607","text":"<b>ACUTE REHAB,</b> <b>Both:</b>","type":"group","repeats":true,"readOnly":false,"item":[{"linkId":"AISD0153060701","text":"Level of care appropriateness, <b>All:</b>","type":"group","repeats":true,"readOnly":false,"item":[{"linkId":"AISD015306070101","text":"Medical practitioner, NP, PA assessment or oversight ≥ 3x/wk","type":"boolean","repeats":false,"readOnly":true,"item":[]},{"linkId":"AISD015306070102","text":"Treatment precluded in a lower level","type":"boolean","repeats":false,"readOnly":true,"item":[]},{"linkId":"AISD015306070103","text":"Services, <b>All:</b>","type":"group","repeats":true,"readOnly":false,"item":[{"linkId":"AISD01530607010301","text":"Goal directed therapy with rehabilitation potential","definition":"/caas/content/notes?subset_unique_id=371360&id=AISD01530607010301&note_type=ALL_NOTES","type":"boolean","repeats":false,"readOnly":true,"item":[]},{"linkId":"AISD01530607010302","text":"≥ 2 functional impairments requiring at least minimum assistance","definition":"/caas/content/notes?subset_unique_id=371360&id=AISD01530607010302&note_type=ALL_NOTES","type":"boolean","repeats":false,"readOnly":true,"item":[]},{"linkId":"AISD01530607010303","text":"Able to tolerate ≥ 3h/d of skilled therapy ≥ 5d/wk and ≥ 2 therapy disciplines","type":"boolean","repeats":false,"readOnly":true,"item":[]}]}]},{"linkId":"AISD0153060702","text":"Complete prior to facility transfer, <b>All:</b>","type":"group","repeats":true,"readOnly":false,"item":[{"linkId":"AISD015306070201","text":"Medication reconciliation","definition":"/caas/content/notes?subset_unique_id=371360&id=AISD015306070201&note_type=ALL_NOTES","type":"boolean","repeats":false,"readOnly":true,"item":[]},{"linkId":"AISD015306070202","text":"Obtain and complete forms for facility","type":"boolean","repeats":false,"readOnly":true,"item":[]},{"linkId":"AISD015306070203","text":"Obtain discharge summary and transmit to facility and medical practitioner","type":"boolean","repeats":false,"readOnly":true,"item":[]},{"linkId":"AISD015306070204","text":"Arrange transportation","type":"boolean","repeats":false,"readOnly":true,"item":[]}]}]},{"linkId":"AISD01530608","text":"<b>LONG TERM ACUTE CARE,</b> <b>Both:</b>","type":"group","repeats":true,"readOnly":false,"item":[{"linkId":"AISD0153060801","text":"Level of care appropriateness, <b>All:</b>","type":"group","repeats":true,"readOnly":false,"item":[{"linkId":"AISD015306080101","text":"Medical practitioner assessment or intervention daily","type":"boolean","repeats":false,"readOnly":true,"item":[]},{"linkId":"AISD015306080102","text":"Treatment precluded in a lower level","type":"boolean","repeats":false,"readOnly":true,"item":[]},{"linkId":"AISD015306080103","text":"In lieu of acute or continued hospitalization or failed lower level of care, <b>≥ One:</b>","type":"group","repeats":true,"readOnly":false,"item":[{"linkId":"AISD01530608010301","text":"Primary condition or illness and treatment of active comorbid condition(s)","definition":"/caas/content/notes?subset_unique_id=371360&id=AISD01530608010301&note_type=ALL_NOTES","type":"boolean","repeats":false,"readOnly":true,"item":[]},{"linkId":"AISD01530608010302","text":"Ventilator dependent ≥ 6h/d and weaning planned","definition":"/caas/content/notes?subset_unique_id=371360&id=AISD01530608010302&note_type=ALL_NOTES","type":"boolean","repeats":false,"readOnly":true,"item":[]},{"linkId":"AISD01530608010303","text":"Acute and comorbid conditions requiring prolonged hospitalization","definition":"/caas/content/notes?subset_unique_id=371360&id=AISD01530608010303&note_type=ALL_NOTES","type":"boolean","repeats":false,"readOnly":true,"item":[]}]},{"linkId":"AISD015306080104","text":"Skilled services ≥ 6h/24h","type":"boolean","repeats":false,"readOnly":true,"item":[]}]},{"linkId":"AISD0153060802","text":"Complete prior to facility transfer, <b>All:</b>","type":"group","repeats":true,"readOnly":false,"item":[{"linkId":"AISD015306080201","text":"Medication reconciliation","definition":"/caas/content/notes?subset_unique_id=371360&id=AISD015306080201&note_type=ALL_NOTES","type":"boolean","repeats":false,"readOnly":true,"item":[]},{"linkId":"AISD015306080202","text":"Obtain and complete forms for facility","type":"boolean","repeats":false,"readOnly":true,"item":[]},{"linkId":"AISD015306080203","text":"Obtain discharge summary and transmit to facility and medical practitioner","type":"boolean","repeats":false,"readOnly":true,"item":[]},{"linkId":"AISD015306080204","text":"Arrange transportation","type":"boolean","repeats":false,"readOnly":true,"item":[]}]}]}]}]},{"resourceType":"Parameters","id":"redirectSubset","parameter":[{"name":"type"},{"name":"id"},{"name":"uniqueId"},{"name":"latestSubsetId"},{"name":"subsetIdentifierId"},{"name":"desc"},{"name":"productId"},{"name":"productDesc"},{"name":"productHasSmartSheets"},{"name":"versionId"},{"name":"versionDesc"},{"name":"minorVersion"},{"name":"desc"},{"name":"revision"},{"name":"subsetType"},{"name":"current"},{"name":"rel"},{"name":"title"},{"name":"href"},{"name":"desc"},{"name":"revision"},{"name":"subsetType"},{"name":"custom"},{"name":"hasMedicalCodes"},{"name":"manifestReleaseDate"},{"name":"supportsCriteriaView"},{"name":"linksrel"},{"name":"linkstitle"},{"name":"link_href"},{"name":"target_id"}]}]