{
    "resourceType": "QuestionnaireResponse",
    "meta": {
        "lastUpdated": "2021-05-24T11:18:13.461Z",
        "tag": [
            {
                "code": "subset_unique_id",
                "display": 371360
            },
            {
                "code": "version_id",
                "display": "RM21"
            },
            {
                "code": "subset_id"
            },
            {
                "code": "review_type",
                "display": "NDT"
            },
            {
                "code": "autoSave",
                "display": "false"
            },
            {
                "code": "product_id",
                "display": "AISD"
            }
        ]
    },
    "item": [
        {
            "id": "AISD015304010201",
            "answer": [
                {
                    "valueBoolean": true
                }
            ]
        }
    ],
    "contained": [
        {
            "resourceType": "Parameters",
            "id": "outputParameters",
            "parameter": [
                {
                    "name": "is_met",
                    "valueBoolean": false
                },
                {
                    "name": "criteria_met",
                    "valueString": "Criteria Not Met"
                },
                {
                    "name": "met_level_of_care.id"
                },
                {
                    "name": "met_level_of_care.desc"
                },
                {
                    "name": "exceeded_rule.higher_loc_met"
                },
                {
                    "name": "next_button_text",
                    "valueString": ""
                },
                {
                    "name": "responder_type",
                    "valueString": "None"
                },
                {
                    "name": "responder_met_id"
                },
                {
                    "name": "episode_day_met",
                    "valueString": ""
                },
                {
                    "name": "disposition_description"
                }
            ]
        },
        {
            "resourceType": "Parameters",
            "id": "responseMessages",
            "parameter": []
        },
        {
            "resourceType": "Parameters",
            "id": "cp_tree",
            "parameter": []
        },
        {
            "resourceType": "Parameters",
            "id": "redirectSubset",
            "parameter": [
                {
                    "name": "type"
                },
                {
                    "name": "id"
                },
                {
                    "name": "uniqueId"
                },
                {
                    "name": "latestSubsetId"
                },
                {
                    "name": "subsetIdentifierId"
                },
                {
                    "name": "desc"
                },
                {
                    "name": "productId"
                },
                {
                    "name": "productDesc"
                },
                {
                    "name": "productHasSmartSheets"
                },
                {
                    "name": "versionId"
                },
                {
                    "name": "versionDesc"
                },
                {
                    "name": "minorVersion"
                },
                {
                    "name": "desc"
                },
                {
                    "name": "revision"
                },
                {
                    "name": "subsetType"
                },
                {
                    "name": "current"
                },
                {
                    "name": "rel"
                },
                {
                    "name": "title"
                },
                {
                    "name": "href"
                },
                {
                    "name": "desc"
                },
                {
                    "name": "revision"
                },
                {
                    "name": "subsetType"
                },
                {
                    "name": "custom"
                },
                {
                    "name": "hasMedicalCodes"
                },
                {
                    "name": "manifestReleaseDate"
                },
                {
                    "name": "supportsCriteriaView"
                },
                {
                    "name": "linksrel"
                },
                {
                    "name": "linkstitle"
                },
                {
                    "name": "link_href"
                },
                {
                    "name": "target_id"
                }
            ]
        }
    ]
}