{
  "IsEncrypted": false,
  "Values": {
    "FUNCTIONS_WORKER_RUNTIME": "node",
    "AzureWebJobsStorage": "{AzureWebJobsStorage}",
    "JWK_URI": "https://dev-ecp-api.optum.com/auth/oauth/jwks",
    "HEALTH_SERVICE_API_ENDPOINT": "https://dev-ecp-api.optum.com/health-service/v1/graphql",
    "DOCUMENT_SERVICE_API_ENDPOINT":"https://dev-ecp-api.optum.com/docs/v1/graphql",
    "DOCUMENT_API_ADMIN_SECRET": "documentssecretkey",
    "CONFIGURATION_API_ENDPOINT": "https://dev-ecp-api.optum.com/config/api/prop",
    "UM_RULES_ENDPOINT": "https://dev-ecp-api.optum.com/um-rules/1.0.0/dmn/",
    "HSC_AUTH_DETAILS_API_ENDPOINT": "https://dev-ecp-api.optum.com/util-funcs/api/hscAuthDetails",
    "PROVIDER_API_ENDPOINT": "https://dev-ecp-api.optum.com/provnew/v1/graphql",
    "REFERENCE_DATA_API_ENDPOINT": "https://dev-ecp-api.optum.com/refnew/v1/graphql",
    "STARGATE_TOKEN_URL": "https://gateway-stage.optum.com/auth/oauth2/cached/token",
    "NRT_API_BASE_URL": "https://gateway-stage.optum.com/api/dev/ext/nrt/mednecrestriction/v1/MedNecRestriction/get",
    "STARGATE_ECP_CLIENT_ID": "50U6534BMriUko09ijc5t18YEx5GuMs4",
    "STARGATE_ECP_CLIENT_SECRET": "ViXQs2sYMgiasHbY5Oqg9aJjLw68KQhN",
    "UTILIZATION_NESTJS_API_ENDPOINT": "https://dev-ecp-api.optum.com/util-funcs-nestjs/api/graphql",
    "ECP_TOKEN_URL": "https://dev-ecp-api.optum.com/auth/oauth/token?grant_type=",
    "ECP_CLIENT_SECRET": "ynAD4aMMFn0ZbDIKoH6v",
    "ECP_CLIENT_ID": "um_ecp_client_non_prod",
    "SIGNAL_BPM_URL": "https://dev-ecp-api.optum.com/case-management-bpm/1.0.0/engine-rest/signal",
    "BUS_EVENT_PUBLISH_API": "https://dev-ecp-api.optum.com/health-service-bizevent-event-payload-service/saveeventpayload",
    "MEMBER_COMMUNICATION_API_ENDPOINT": "https://dev-ecp-api.optum.com/member-comm/v1/graphql",
    "EVENT_PAYLOAD_SERVICE": "https://dev-ecp-api.optum.com/event-payload-service/saveeventpayload",
    "HEALTH_SERVICE_BUS_EVENT_APPLICATION_ID": "63961ee4-e0b2-11eb-ba80-0242ac130004"
  },
  "Host": {
    "CORS": "*"
  }
}
