Attribute,statuscode ,statusdescription 
patientStatusCode,1,Discharged to home or self care  
patientStatusCode,2,Discharged/transferred to a short-term general hospital for inpatient care.
patientStatusCode,3,Discharged/transferred to SNF with Medicare certification in anticipation of covered skilled care. 
patientStatusCode,4,Discharged/transferred to an Intermediate Care Facility 
patientStatusCode,5,Discharged/transferred to another type of institution not defined elsewhere in this code list.
patientStatusCode,6,Discharged transferred to home under care of organized home health service organization in anticipation of covered skills care.
patientStatusCode,7, Left against medical advice or discontinued care 
patientStatusCode,9,Admitted as an inpatient to this hospital
patientStatusCode,20,Expired
patientStatusCode,30,Still patient or expected to return for outpatient services
patientStatusCode,40,Expired at home
patientStatusCode,41,"Expired in a medical facility, such as a hospital, SNF, ICF or freestanding hospice "
patientStatusCode,42,Expired - place unknown 
patientStatusCode,43,Discharged/transferred to a federal health care facility. 
patientStatusCode,50,Discharged/transferred to Hospice - home 
patientStatusCode,51,Discharged/transferred to Hospice - medical facility
patientStatusCode,61,Discharged/transferred within this institution to a hospital based Medicare approved swing bed. 
patientStatusCode,62,Discharged/transferred to an inpatient rehabilitation facility including distinct part units of a hospital 
patientStatusCode,63,Discharged/transferred to long term care hospitals 
patientStatusCode,64,Discharged/transferred to a nursing facility certified under Medicaid but not certified under Medicare 
patientStatusCode,65,Discharged/transferred to a psychiatric hospital or psychiatric distinct part unit of a hospital. 
patientStatusCode,66,Discharged/transferred to a Critical Access Hospital.
patientStatusCode,70,Discharge/transfer to another type of health care institution not defined elsewhere in the code list. 
nursingHomeStatusCode,1,Transferred to Intermediate Care Facility - Mentally Retarded (ICF-MR)
nursingHomeStatusCode,2,Newly Admitted
nursingHomeStatusCode,3,Newly Eligible
nursingHomeStatusCode,4,No Longer Eligible
nursingHomeStatusCode,5,Still a Resident
nursingHomeStatusCode,6,Temporary Absence - Hospital
nursingHomeStatusCode,7,Temporary Absence - Other
nursingHomeStatusCode,8,Transferred to Intermediate Care Facility - Level II (ICF II)
nursingHomeLevelOfCare,1,Skilled Nursing Facility (SNF)
nursingHomeLevelOfCare,2,Intermediate Care Facility (ICF)
nursingHomeLevelOfCare,3,Intermediate Care Facility - Mentally Retarded (ICFMR)
nursingHomeLevelOfCare,4,Chronic Disease Hospital (CD)
nursingHomeLevelOfCare,5,Intermediate Care Facility (ICF) Level II
nursingHomeLevelOfCare,6,Special Skilled Nursing Facility (SNF)
nursingHomeLevelOfCare,7,Nursing Facility (NF)
nursingHomeLevelOfCare,8,Hospice
subluxationLevel1,C1,C1 = Cervical 1
subluxationLevel1,C2,C2 = Cervical 2
subluxationLevel1,C3,C3 = Cervical 3
subluxationLevel1,C4,C4 = Cervical 4
subluxationLevel1,C5,C5 = Cervical 5
subluxationLevel1,C6,C6 =Cervical 6
subluxationLevel1,C7,C7 = Cervical 7
subluxationLevel1,CO,CO = Coccyx
subluxationLevel1,IL,Ilium
subluxationLevel1,L1,Lumbar 1
subluxationLevel1,L2,Lumbar 2
subluxationLevel1,L3,Lumbar 3
subluxationLevel1,L4,Lumbar 4
subluxationLevel1,L5,Lumbar 5
subluxationLevel1,OC,Occiput
subluxationLevel1,SA,Sacrum
subluxationLevel1,T1,Thoracic 1
subluxationLevel1,T10,Thoracic 10
subluxationLevel1,T11,Thoracic 11
subluxationLevel1,T12,Thoracic 12
subluxationLevel1,T2,Thoracic 2
subluxationLevel1,T3 ,Thoracic 3
subluxationLevel1,T4,Thoracic 4
subluxationLevel1,T5,Thoracic 5
subluxationLevel1,T6,Thoracic 6
subluxationLevel1,T7,Thoracic 7
subluxationLevel1,T8,Thoracic 8
subluxationLevel1,T9 ,Thoracic 9
subluxationLevel2,C1,Cervical 1
subluxationLevel2,C2,Cervical 2
subluxationLevel2,C3,Cervical 3
subluxationLevel2,C4,Cervical 4
subluxationLevel2,C5,Cervical 5
subluxationLevel2,C6,Cervical 6
subluxationLevel2,C7,Cervical 7
subluxationLevel2,CO,Coccyx
subluxationLevel2,IL,Ilium
subluxationLevel2,L1,Lumbar 1
subluxationLevel2,L2,Lumbar 2
subluxationLevel2,L3,Lumbar 3
subluxationLevel2,L4,Lumbar 4
subluxationLevel2,L5,Lumbar 5
subluxationLevel2,OC,Occiput
subluxationLevel2,SA,Sacrum
subluxationLevel2,T1,Thoracic 1
subluxationLevel2,T10,Thoracic 10
subluxationLevel2,T11,Thoracic 11
subluxationLevel2,T12,Thoracic 12
subluxationLevel2,T2,Thoracic 2
subluxationLevel2,T3 ,Thoracic 3
subluxationLevel2,T4,Thoracic 4
subluxationLevel2,T5,Thoracic 5
subluxationLevel2,T6,Thoracic 6
subluxationLevel2,T7,Thoracic 7
subluxationLevel2,T8,Thoracic 8
subluxationLevel2,T9 ,Thoracic 9
oxygenDeliverySystem,A,Nasal Cannula
oxygenDeliverySystem,B,Oxygen Conserving Device
oxygenDeliverySystem,C,Oxygen Conserving Device with Oxygen Pulse System
oxygenDeliverySystem,D,Oxygen Conserving Device with Reservoir System
oxygenDeliverySystem,E,Transtracheal Catheter
prognosisCode,1,Poor
prognosisCode,2,Guarded
prognosisCode,3,Fair
prognosisCode,4,Good
prognosisCode,5,Very Good
prognosisCode,6,Excellent
prognosisCode,7,Less than 6 Months to Live
prognosisCode,8,Terminal
transportCode,I,Initial Trip
transportCode,R,Return Trip
transportCode,T,Transfer Trip
transportCode,X,Round Trip
distanceUnits,DH,Miles
distanceUnits,DK,Kilometers